model,MAE,RMSE,R2,MAPE
Random Forest,209.15494936828762,368.2847387787216,0.9926951126641329,9.003456890337592
XGBoost,167.0460429701192,288.28417194331615,0.9955240247789711,7.06609219829973
